id,in_id,in_F,in_qd1,in_qd2,in_qd3,in_qd4,in_qr1,in_qr2,in_qr3,in_qr4,in_Om1,in_Om2,in_Om3,in_tr1,in_tr2,in_tr3,in_qe1,in_qe2,in_qe3,in_qe4,in_estop,in_ack,frame1,frame2,frame3,frame4,frame5,frame6,frame7,frame8,frame9,frame10,frame11,frame12,frame13,frame14,frame15,frame16,frame17,frame18,frame19,frame20,frame21,frame22,frame23,frame24,frame25,frame26,frame27,frame28,frame29,frame30,frame31,frame32,frame33,frame34,frame35,frame36,frame37,frame38,frame39,frame40,frame41,frame42,frame43,frame44,frame45,frame46,frame47,frame48,frame49,frame50,frame51,frame52,frame53,frame54,frame55,frame56,frame57,frame58,frame59,frame60,frame61,frame62,frame63,frame64,frame65,frame66,frame67,frame68,frame69,frame70,frame71,frame72,frame73,frame74,frame75,frame76,frame77,frame78,frame79,frame80,frame81,frame82
hover,0,9.4665999999999997,1,0,0,0,1,0,0,0,0,0,0,0,0,0,1,0,0,0,0,0,170,85,0,50,119,23,65,0,0,128,63,0,0,0,0,0,0,0,0,0,0,0,0,0,0,128,63,0,0,0,0,0,0,0,0,0,0,0,0,0,0,0,0,0,0,0,0,0,0,0,0,0,0,0,0,0,0,0,0,0,0,0,0,0,0,128,63,0,0,0,0,0,0,0,0,0,0,0,0,0,0,119
zeroF,7,0,1,0,0,0,1,0,0,0,0,0,0,0,0,0,1,0,0,0,0,1,170,85,7,0,0,0,0,0,0,128,63,0,0,0,0,0,0,0,0,0,0,0,0,0,0,128,63,0,0,0,0,0,0,0,0,0,0,0,0,0,0,0,0,0,0,0,0,0,0,0,0,0,0,0,0,0,0,0,0,0,0,0,0,0,0,128,63,0,0,0,0,0,0,0,0,0,0,0,0,0,1,220
estop1,3,9.4665999999999997,1,0,0,0,1,0,0,0,0,0,0,0,0,0,1,0,0,0,1,0,170,85,3,50,119,23,65,0,0,128,63,0,0,0,0,0,0,0,0,0,0,0,0,0,0,128,63,0,0,0,0,0,0,0,0,0,0,0,0,0,0,0,0,0,0,0,0,0,0,0,0,0,0,0,0,0,0,0,0,0,0,0,0,0,0,128,63,0,0,0,0,0,0,0,0,0,0,0,0,1,0,193
estop2_ack,15,9.4665999999999997,1,0,0,0,1,0,0,0,0,0,0,0,0,0,1,0,0,0,2,1,170,85,15,50,119,23,65,0,0,128,63,0,0,0,0,0,0,0,0,0,0,0,0,0,0,128,63,0,0,0,0,0,0,0,0,0,0,0,0,0,0,0,0,0,0,0,0,0,0,0,0,0,0,0,0,0,0,0,0,0,0,0,0,0,0,128,63,0,0,0,0,0,0,0,0,0,0,0,0,2,1,123
bigvals,1,40,0.5,0.5,0.5,0.5,0,1,0,0,9,-9,9,1.8999999999999999,-1.8999999999999999,1,0,0,1,0,2,0,170,85,1,0,0,32,66,0,0,0,63,0,0,0,63,0,0,0,63,0,0,0,63,0,0,0,0,0,0,128,63,0,0,0,0,0,0,0,0,0,0,16,65,0,0,16,193,0,0,16,65,51,51,243,63,51,51,243,191,0,0,128,63,0,0,0,0,0,0,0,0,0,0,128,63,0,0,0,0,2,0,179
neg,8,-12.5,-1,0,0,0,1,0,0,0,-20,20,-15,-5,5,-3,1,0,0,0,0,1,170,85,8,0,0,72,193,0,0,128,191,0,0,0,0,0,0,0,0,0,0,0,0,0,0,128,63,0,0,0,0,0,0,0,0,0,0,0,0,0,0,160,193,0,0,160,65,0,0,112,193,0,0,160,192,0,0,160,64,0,0,64,192,0,0,128,63,0,0,0,0,0,0,0,0,0,0,0,0,0,1,189
rand001,1,30.122426950406329,0.13593492943390942,0.30190427733580816,-0.40280101448747757,-0.85330348939518608,-0.84261174148849627,-0.1795941091852632,0.41936537130041662,0.28615396975359064,23.088878765409483,8.2184323678237803,5.3314809659338156,-0.5084868506828355,-2.7464583680730446,1.7017429689269559,-0.067376888550356118,-0.034112560888084113,-0.52593219964278459,0.84716704932252407,1,1,170,85,1,187,250,240,65,135,50,11,62,51,147,154,62,239,59,206,190,25,114,90,191,103,181,87,191,133,231,55,190,15,183,214,62,198,130,146,62,6,182,184,65,179,126,3,65,126,155,170,64,50,44,2,191,249,197,47,192,183,210,217,63,229,252,137,189,157,185,11,189,126,163,6,191,241,223,88,63,1,1,69
rand002,2,37.013407657032865,0.26313800621217864,-0.270099945594859,-0.75217757186942824,0.54040106351944273,-0.34259782289298757,-0.32299393322544762,0.64576618604720981,0.60107211198539268,-13.050658378213548,-3.1139147675068148,19.176935138829286,-2.107188596672823,2.8450685708742096,2.5895365677359039,0.1739416591430043,-0.44153395198983258,-0.33682909191358479,-0.8132270478135174,2,0,170,85,2,187,13,20,66,6,186,134,62,138,74,138,190,182,142,64,191,185,87,10,63,251,104,175,190,118,95,165,190,239,80,37,63,221,223,25,63,127,207,80,193,97,74,71,192,93,106,153,65,46,220,6,192,154,21,54,64,248,186,37,64,195,29,50,62,189,16,226,190,221,116,172,190,166,47,80,191,2,0,92
rand003,3,0.82439674083154557,-0.12269515576947193,-0.24697444507286154,-0.26423090716893771,-0.92419237712087698,0.083823165533922037,0.58147813244216184,0.22164470537375244,-0.77828688990065287,2.6248477185529695,1.3952693242970049,21.167519343500924,-2.540515564737893,-4.359816238412149,4.0210470458619794,0.0045322413093822934,0.67545753993150992,-0.51616051720945177,0.5266069606570517,0,1,170,85,3,170,11,83,63,153,71,251,189,222,230,124,190,70,73,135,190,223,151,108,191,123,171,171,61,192,219,20,63,212,246,98,62,207,61,71,191,129,253,39,64,47,152,178,63,20,87,169,65,207,151,34,192,157,131,139,192,107,172,128,64,50,131,148,59,201,234,44,63,24,35,4,191,183,207,6,63,0,1,133
rand004,4,42.450189394153931,0.36762788610418795,-0.82501208242029556,-0.35599923934302252,0.23972764297486224,0.82099598272881391,0.13008964489528488,-0.5528531015847904,0.058272881362132364,-10.324218365121018,8.8559775327405781,-3.9546798901398281,1.8171271362934172,-2.7877201051351195,0.48997698432867054,0.33494686185784334,0.92382379560167549,-0.18488032068778831,0.013396321662196538,1,0,170,85,4,254,204,41,66,185,57,188,62,254,51,83,191,136,69,182,190,42,123,117,62,203,44,82,63,56,54,5,62,200,135,13,191,139,175,110,61,0,48,37,193,21,178,13,65,122,25,125,192,159,151,232,63,2,106,50,192,67,222,250,62,40,126,171,62,183,127,108,63,68,81,61,190,63,124,91,60,1,0,245
rand005,5,19.519905706525037,0.71631300915056051,0.23283366274299036,-0.0013343767008502986,-0.65778596659868982,0.73061675585065622,-0.63624051190790243,0.2281121301911965,-0.096757548217528452,6.7808661856163521,16.557442836960412,-9.0289499713358197,-3.4077521237535535,2.1166421594670592,3.7270864309087361,-0.78738112845253283,-0.28779456688604726,0.41668305950904228,-0.35154014528339755,2,1,170,85,5,196,40,156,65,74,96,55,63,243,107,110,62,65,230,174,186,169,100,40,191,179,9,59,63,168,224,34,191,58,150,105,62,210,40,198,189,219,252,216,64,165,117,132,65,148,118,16,193,156,24,90,192,17,119,7,64,150,136,110,64,207,145,73,191,207,89,147,190,123,87,213,62,18,253,179,190,2,1,94
rand006,6,6.9966621645827338,0.27544751814918655,0.30500358741474076,-0.9090165805248811,0.069212229702882586,0.40847461053215678,0.76187229090880604,0.31986132587247856,0.38779870694352575,-4.4382091890240174,13.881516971885411,21.986275980447623,-3.954205918165643,4.3848219730962938,2.973871717092873,-0.95881058342326619,0.13224925518558836,-0.014777573950906602,0.25094625505577572,0,0,170,85,6,168,228,223,64,117,7,141,62,110,41,156,62,80,181,104,191,36,191,141,61,150,35,209,62,16,10,67,63,221,196,163,62,141,141,198,62,207,5,142,192,178,26,94,65,229,227,175,65,182,17,125,192,118,80,140,64,234,83,62,64,156,116,117,191,89,108,7,62,163,29,114,188,7,124,128,62,0,0,117
rand007,7,14.586285547123135,-0.25945959805416391,-0.14533910222360646,-0.39973928806670334,-0.86704426871892348,0.49443425335277563,0.46818942658392887,0.50334136691515885,0.53195948933962489,-4.4977707009643648,-8.1167862322840012,22.466429780913348,-2.690710674250778,-3.3052796092697356,-0.091023675846374497,0.13725574079910149,-0.64481593081650013,-0.45029774977349279,0.60216709768291832,1,1,170,85,7,109,97,105,65,227,215,132,190,198,211,20,190,161,170,204,190,157,246,93,191,125,38,253,62,134,182,239,62,251,218,0,63,127,46,8,63,189,237,143,192,91,222,1,193,64,187,179,65,155,52,44,192,179,137,83,192,159,106,186,189,197,140,12,62,168,18,37,191,109,141,230,190,159,39,26,63,1,1,106
rand008,8,16.810200381473411,0.46478769533316444,0.81807722573761721,-0.33620424370799823,0.041094494875372922,-0.80295936967520554,0.29500993106204154,-0.1628814840974217,0.49162487057083226,7.9733591061504683,-4.269831857550388,-12.234327995643351,3.7560224930218498,-0.98208690795354991,0.61367928891773893,0.023330184778796365,0.071484309821843672,0.94204855667872034,-0.32694068695563394,2,0,170,85,8,74,123,134,65,167,248,237,62,130,109,81,63,246,34,172,190,179,82,40,61,191,142,77,191,139,11,151,62,103,202,38,190,65,182,251,62,194,37,255,64,118,162,136,192,207,191,67,193,172,98,112,64,12,106,123,191,22,26,29,63,242,30,191,60,94,102,146,61,24,42,113,63,197,100,167,190,2,0,232
rand009,9,28.679271910654354,-0.32798698707475527,-0.66829188134946604,-0.1472360747348988,-0.65125420223494512,0.054518411897235115,-0.21871184784859443,-0.83222170634955683,0.50655690880244508,24.842855343234728,5.5025775540525403,0.11811777312127347,-1.4617566472927856,-3.5660576747717396,2.6336742228333043,-0.76313696151334265,0.37280168212962922,0.14819984490117705,0.50663368398160102,0,1,170,85,9,38,111,229,65,233,237,167,190,45,21,43,191,14,197,22,190,152,184,38,191,179,78,95,61,0,246,95,190,123,12,85,191,183,173,1,63,43,190,198,65,30,21,176,64,187,231,241,61,216,26,187,191,74,58,100,192,30,142,40,64,242,92,67,191,221,223,190,62,179,193,23,62,191,178,1,63,0,1,208
rand010,10,6.3201381212895704,0.40718707170754004,-0.05143242046139565,0.87634787537193604,0.25212654777078614,0.40261939815042175,0.11016082135371062,0.54077950394540286,0.73028743778339211,-17.848704317402358,-21.658430768222932,-7.9736264372067156,2.9631638750032163,0.66485496422394541,2.4117629086464354,0.26676889948051868,-0.61696345458905633,0.5217049215464612,0.52537074985736598,1,0,170,85,10,146,62,202,64,211,122,208,62,205,170,82,189,86,88,96,63,187,22,129,62,33,36,206,62,255,155,225,61,135,112,10,63,30,244,58,63,37,202,142,193,119,68,173,193,243,39,255,192,122,164,61,64,239,51,42,63,83,90,26,64,239,149,136,62,81,241,29,191,116,142,5,63,179,126,6,63,1,0,74
rand011,11,29.106368280313728,-0.307761280216306,0.10148015578846452,0.79901222369848679,0.5065217061105759,-0.31892740553808202,-0.24633432163052901,-0.55866133309398047,0.72491532394427383,-19.993545792331624,0.61241044415869528,-0.56955645342085526,-0.094226382882661719,2.5495847668313298,4.2300343926874575,-0.23579446049714434,0.5014448593435189,-0.3487617349151349,0.75585665155226645,2,1,170,85,11,216,217,232,65,227,146,157,190,212,212,207,61,17,140,76,63,104,171,1,63,116,74,163,190,16,63,124,190,110,4,15,191,13,148,57,63,200,242,159,193,238,198,28,63,116,206,17,191,195,249,192,189,102,44,35,64,113,92,135,64,26,116,113,190,177,94,0,63,230,144,178,190,210,127,65,63,2,1,7
rand012,12,43.244143734578984,-0.27666648864301913,0.16174967839209214,0.92397944154382194,0.20869759750980324,0.55432512371029308,0.68394114157712238,-0.093414002786948794,-0.46499677005875079,-10.393205436262843,-17.387619511113918,-19.443956419994144,-2.9601770193095889,2.1134431832017251,4.3382744091094683,0.33145486695726584,0.54179169993805176,-0.23120234993246541,-0.7369836486885466,0,0,170,85,12,1,250,44,66,59,167,141,190,181,161,37,62,235,137,108,63,211,180,85,62,64,232,13,63,196,22,47,63,215,79,191,189,15,20,238,190,146,74,38,193,216,25,139,193,57,141,155,193,138,115,61,192,167,66,7,64,37,211,138,64,116,180,169,62,220,178,10,63,79,192,108,190,246,170,60,191,0,0,101
rand013,13,30.525883975890679,-0.70708181151926008,-0.14832866087284291,0.68578671359927157,-0.087923282656083429,0.44302245799978857,-0.024733250796465229,-0.6442647109624442,0.62293045375976186,2.8100633870258127,22.11115708795171,12.407042636646437,3.6448269383125806,-3.099223017380015,-4.7210225971757875,0.48287032286974474,-0.37807319832620384,-0.74267314508738713,-0.26894889396514043,1,1,170,85,13,3,53,244,65,80,3,53,191,120,227,23,190,184,143,47,63,31,17,180,189,215,211,226,62,99,157,202,188,136,238,36,191,95,120,31,63,20,216,51,64,166,227,176,65,63,131,70,65,216,68,105,64,171,89,70,192,158,18,151,192,199,58,247,62,207,146,193,190,212,31,62,191,171,179,137,190,1,1,150
rand014,14,18.750878367184054,-0.81975066634939608,0.32640642016926291,-0.46992724637969896,-0.025220567043613164,0.0093185484698159477,-0.65715738842889604,0.15938386336710311,-0.73665060618036915,-4.9131880790388385,-13.975096125632142,8.8645460543033732,-0.61674417923333835,4.336336195203927,-1.1199589955884592,0.31403308173960415,-0.38282915887231594,0.83862093651490943,-0.22702419150632014,2,0,170,85,14,205,1,150,65,46,219,81,191,190,30,167,62,78,154,240,190,93,155,206,188,211,172,24,60,119,59,40,191,134,53,35,62,34,149,60,191,214,56,157,192,254,153,95,193,46,213,13,65,242,226,29,191,68,195,138,64,209,90,143,191,242,200,160,62,47,2,196,190,221,175,86,63,8,121,104,190,2,0,134
rand015,15,8.9879696634675152,-0.4499365454907438,-0.59378323844059955,0.13479723874174179,-0.65330565220764147,-0.20414993875242179,-0.47524626177940482,-0.28071076494898162,-0.80849567692959334,-11.795966779137801,5.6989754115096432,-18.216902334227697,2.7246102084365811,-3.8993679200917732,1.6293596156221701,-0.74885425728260846,0.40186324816519281,-0.45623219368392881,-0.26377152342545152,0,1,170,85,15,185,206,15,65,21,94,230,190,46,2,24,191,74,8,10,62,10,63,39,191,174,12,81,190,122,83,243,190,82,185,143,190,147,249,78,191,72,188,60,193,2,94,182,64,55,188,145,193,3,96,46,64,62,143,121,192,219,142,208,63,234,180,63,191,5,193,205,62,68,151,233,190,16,13,135,190,0,1,179
rand016,0,8.7926835301234298,0.62473675305767207,0.034445959244519583,-0.76339928802509505,-0.16043376300972367,-0.40102490974734412,0.12311027421782571,0.6758123825922383,-0.60605322017059549,-14.604367566888271,0.056469431582834018,17.869786435649665,-0.48137377166905471,-4.3206721968622706,2.9710632280740379,0.25606316925437944,0.87930190475046266,0.16752551111921379,-0.36495892478175884,1,0,170,85,0,213,174,12,65,191,238,31,63,53,23,13,61,35,110,67,191,192,72,36,190,35,83,205,190,61,33,252,61,10,2,45,63,78,38,27,191,125,171,105,193,126,76,103,61,83,245,142,65,159,118,246,190,242,66,138,192,230,37,62,64,182,26,131,62,238,25,97,63,207,139,43,62,229,219,186,190,1,0,82
rand017,1,5.019205112958053,-0.0051242725710702779,-0.9693222470218138,0.2337026939250709,0.075968244098201382,-0.042399901381445455,-0.44537068653640061,-0.67366334848805087,-0.58823880596302536,-1.7734506421539897,-20.260050574266121,19.361836652609774,3.1291598638037845,3.9272321505232002,-2.7738331533754135,0.0094429414223908634,0.76511561619268398,-0.50499419768731413,0.39936172202344139,2,1,170,85,1,84,157,160,64,132,233,167,187,129,37,120,191,194,79,111,62,61,149,155,61,133,171,45,189,160,7,228,190,52,117,44,191,210,150,22,191,110,0,227,191,149,20,162,193,11,229,154,65,40,68,72,64,198,87,123,64,123,134,49,192,145,182,26,60,158,222,67,63,77,71,1,191,36,121,204,62,2,1,183
rand018,2,30.430233580165776,-0.72173522254059042,-0.28656106466532921,0.42652334807695946,0.46374438897670611,-0.46553013623646766,0.38365313288854436,-0.50567314638242367,-0.61675492288927936,17.646204791591664,-24.998327031211147,6.9087958302105568,-4.4540925303778565,-3.9162820837061285,0.24735291907909684,-0.89328844019980447,-0.12915320020722282,-0.42724063402394324,-0.053109830732664093,0,0,170,85,2,30,113,243,65,164,195,56,191,34,184,146,190,69,97,218,62,232,111,237,62,247,89,238,190,47,110,196,62,204,115,1,191,167,227,29,191,109,43,141,65,147,252,199,193,219,20,221,64,237,135,142,192,94,164,122,192,21,74,125,62,141,174,100,191,189,64,4,190,73,191,218,190,178,137,89,189,0,0,235
rand019,3,15.086473150531161,-0.34920829374369899,-0.92135620605658375,-0.16686124981898179,-0.03624406779708627,-0.8395096895429246,0.34209298143242539,-0.31310328259911907,0.28312931258326601,-12.172877681219813,6.5857796094000829,24.827576410525342,3.9069341726934725,-4.2856927059434753,-0.15224624573833778,-0.54991551994508359,0.0071146711680756458,0.1326103895942784,0.82459492294662595,1,1,170,85,3,50,98,113,65,110,203,178,190,0,222,107,191,173,221,42,190,169,116,20,189,27,234,86,191,208,38,175,62,19,79,160,190,83,246,144,62,27,196,66,193,181,190,210,64,224,158,198,65,54,11,122,64,101,36,137,192,113,230,27,190,67,199,12,191,48,34,233,59,5,203,7,62,167,24,83,63,1,1,0
rand020,4,23.9043601571294,-0.2787116091292608,0.6292360928030799,-0.72551861594315981,-0.0021251753842449063,-0.0020312224119104238,-0.93111145526649974,-0.10879063107362533,0.3481263141413139,-21.835191631129327,9.9789042261569598,-10.892921851669119,-0.78418569577846209,1.1299842938346649,0.10631411352488129,0.73292896627646009,-0.65340203960589749,0.073185641289821649,0.17471338512194862,2,0,170,85,4,33,60,191,65,74,179,142,190,158,21,33,63,151,187,57,191,135,70,11,187,66,30,5,187,82,93,110,191,159,205,222,189,157,61,178,62,121,174,174,193,151,169,31,65,104,73,46,193,101,192,72,191,83,163,144,63,55,187,217,61,60,161,59,63,91,69,39,191,90,226,149,61,17,232,50,62,2,0,135
rand021,5,22.127420627988297,0.57727361601953253,0.61888889164939043,-0.1119534449590408,-0.52076687510106223,-0.34082201255872696,0.19018970351337286,0.0062462978720981355,0.92066780990529229,10.155047185339095,5.510996903437321,-10.960557764456658,2.2471757829338235,-2.0005020760310197,3.1157363149777542,0.02312873688555107,-0.43462594314710906,-0.51317446464683014,0.73974138718068516,0,1,170,85,5,245,4,177,65,52,200,19,63,129,111,30,63,217,71,229,189,250,80,5,191,57,128,174,190,23,193,66,62,191,173,204,59,227,176,107,63,19,123,34,65,22,90,176,64,114,94,47,193,186,209,15,64,58,8,0,192,57,104,71,64,122,120,189,60,75,135,222,190,103,95,3,191,177,95,61,63,0,1,144
rand022,6,33.431386986021238,-0.063762061683123289,-0.91057539403379284,-0.19710213515112884,-0.35768365854339318,0.52811417408537886,-0.080207277984440523,-0.78750743837658388,-0.3073991642636586,16.325182943980764,22.097727398388077,-19.388287850281987,-0.019379331081529338,-3.1952060890183773,-4.3557220718567988,-0.084015972355731564,0.14449147229200338,0.97895601892721651,-0.11708391789731609,1,0,170,85,6,190,185,5,66,175,149,130,189,120,27,105,191,36,213,73,190,80,34,183,190,126,50,7,63,183,67,164,189,22,154,73,191,108,99,157,190,250,153,130,65,37,200,176,65,55,27,155,193,103,193,158,188,66,126,76,192,19,98,139,192,145,16,172,189,147,245,19,62,221,156,122,63,177,201,239,189,1,0,48
rand023,7,37.298103481261094,0.85065027133451709,0.36418327971338232,0.37177283197792882,0.074495745239762726,0.78199348538305125,-0.26057273928226254,-0.38172201187725546,0.41818218758070769,-0.2924458022529719,-10.22385007180397,-4.6228491217480521,-0.94422383093665463,-4.697586758838419,-4.4126321580981509,-0.43321943013645531,0.72670739582973098,-0.52750501776679826,0.077173456767630474,2,1,170,85,7,66,49,21,66,55,196,89,63,59,118,186,62,2,89,190,62,58,145,152,61,186,48,72,63,202,105,133,190,17,113,195,190,250,27,214,62,117,187,149,190,228,148,35,193,97,238,147,192,167,184,113,191,161,82,150,192,72,52,141,192,240,206,221,190,127,9,58,63,146,10,7,191,30,13,158,61,2,1,51
rand024,8,41.890839212384179,0.28247707778170245,0.94856538023393144,-0.10141815178313281,0.10072129088956645,0.88934518364264126,-0.44505117589781301,-0.068931803878870823,-0.079012667197199821,2.9750499024993662,-12.985693178972351,6.4333252276623565,-0.42280636574971386,4.1350738717897686,0.63434093419667215,0.45346938837704098,0.74805931336127451,-0.30522235171060097,0.3763138231777583,0,0,170,85,8,56,144,39,66,214,160,144,62,46,213,114,63,82,180,207,189,247,70,206,61,32,172,99,63,191,221,227,190,30,44,141,189,101,209,161,189,56,103,62,64,102,197,79,193,205,221,205,64,19,122,216,190,134,82,132,64,43,100,34,63,36,45,232,62,209,128,63,63,27,70,156,190,53,172,192,62,0,0,113
rand025,9,27.863547805302918,0.96798064050002253,0.025333803124455281,-0.21446229000423045,0.12797501397756841,0.02407478798739391,-0.19125903922484461,-0.88459738525794573,0.42465026844799808,18.260619054473981,-8.3008656917981547,14.151590592395124,-0.14631096587904291,-0.62223224189750237,-1.964319808092212,0.85130734008661635,0.44839664483185598,0.24255069855902434,-0.12403797904961977,1,1,170,85,9,140,232,222,65,148,205,119,63,214,136,207,60,1,156,91,190,226,11,3,62,125,56,197,60,105,217,67,190,249,116,98,191,195,107,217,62,191,21,146,65,89,208,4,193,234,108,98,65,139,210,21,190,157,74,31,191,213,110,251,191,71,239,89,63,63,148,229,62,54,95,120,62,160,7,254,189,1,1,178
rand026,10,40.948112687827937,0.11808934384893813,0.65568175958518704,-0.19135490429406646,-0.72077710675298856,-0.83974372066550085,0.067296694119119191,-0.51277753365322476,-0.16541112279413064,-10.957788029144911,21.755700175371629,-17.11511471128901,3.1941711219727518,2.4087896202982764,2.7255254638112891,0.32488507942350131,-0.07173034656903679,0.41477452359575778,-0.84691589731506589,2,0,170,85,10,222,202,35,66,211,216,241,61,195,218,39,63,138,242,67,190,217,132,56,191,114,249,86,191,217,210,137,61,99,69,3,191,137,97,41,190,26,83,47,193,173,11,174,65,193,235,136,193,77,109,76,64,156,41,26,64,2,111,46,64,86,87,166,62,92,231,146,189,84,93,212,62,123,207,88,191,2,0,122
rand027,11,12.079798937305352,-0.1600672577315905,-0.32191723145619189,0.02365364425682033,-0.93283882541800367,0.30004249710817343,0.10812462975952762,0.66853432269542712,0.6718224644551738,-5.1695280236632835,0.30939152376662227,2.244744163841256,-1.9085737262903713,-0.57090508769086168,-1.2045054313528847,0.90334015297405479,0.28392320549588346,-0.086662419086115688,0.30960265910340007,0,1,170,85,11,219,70,65,65,172,232,35,190,86,210,164,190,74,197,193,60,134,206,110,191,44,159,153,62,114,112,221,61,17,37,43,63,143,252,43,63,198,108,165,192,145,104,158,62,227,169,15,64,37,76,244,191,214,38,18,191,60,45,154,191,77,65,103,63,98,94,145,62,17,124,177,189,61,132,158,62,0,1,80
rand028,12,41.356905177482112,-0.18776484552029052,-0.87113559904489823,-0.44891595795324685,0.065890769902516078,0.14570682520761821,-0.063370084357645656,0.70909587485577874,-0.68697655983224004,19.917460338745968,21.952259254376916,7.6429402046249759,-0.85374411425292562,4.6894642750093221,2.6506361283859436,-0.44649092205455915,-0.1448695363978916,0.87737441459897103,-0.099362017661894286,1,0,170,85,12,121,109,37,66,109,69,64,190,190,2,95,191,80,216,229,190,189,241,134,61,44,52,21,62,45,200,129,189,79,135,53,63,178,221,47,191,245,86,159,65,58,158,175,65,247,146,244,64,249,142,90,191,23,16,150,64,6,164,41,64,117,154,228,190,174,88,20,190,156,155,96,63,80,126,203,189,1,0,41
rand029,13,21.401990223142974,-0.0060471047609150248,0.81329912655360981,0.56540412505972759,-0.13720837669978359,-0.82300549244331667,-0.45827799282301313,0.32900770476829111,-0.066311167274789279,10.985993086282498,-9.4836536421455406,-5.4065339794604537,1.2489736444883481,-1.8198505968990597,2.358288302738587,0.53391627702892108,0.02279181008080431,-0.7218393575468659,0.4397293308538161,2,1,170,85,13,71,55,171,65,203,38,198,187,95,52,80,63,83,190,16,63,90,128,12,190,125,176,82,191,106,163,234,190,179,115,168,62,38,206,135,189,161,198,47,65,12,189,23,193,84,2,173,192,94,222,159,63,221,240,232,191,50,238,22,64,189,174,8,63,228,181,186,60,119,202,56,191,52,36,225,62,2,1,8
rand030,14,46.382284134177858,0.10735930971072813,-0.4035138741450125,-0.29307091238269245,0.86009300212598816,-0.39869057964753057,-0.54450318286693022,-0.42535747939699037,-0.60301999989149391,24.421327054840468,9.1843109756627577,-24.827592418465237,2.2388586812037881,-1.5001210768167095,-1.7902548813764529,0.76581966472070395,0.40638030916015233,-0.49772691903157201,-0.025361378616047141,0,0,170,85,14,117,135,57,66,51,223,219,61,95,153,206,190,100,13,150,190,14,47,92,63,44,33,204,190,144,100,11,191,117,200,217,190,133,95,26,191,225,94,195,65,240,242,18,65,233,158,198,193,118,73,15,64,248,3,192,191,18,39,229,191,194,12,68,63,20,17,208,62,16,214,254,190,170,194,207,188,0,0,21
rand031,15,33.518596271629214,0.18222108013013116,0.93730586520593429,-0.27371123422679339,-0.11547880006654364,0.67564838459516752,0.016713662008885147,-0.55652225132604716,-0.48322137543281479,9.1721673391358891,-14.901179139392113,-22.658380382170524,0.25124381286315445,-1.1866145879579004,4.5554840508444006,-0.577683875912266,0.0013949035078495581,0.76298960897524748,-0.29004525569466633,1,1,170,85,15,11,19,6,66,42,152,58,62,71,243,111,63,225,35,140,190,38,128,236,189,75,247,44,63,23,235,136,60,62,120,14,191,203,104,247,190,51,193,18,65,59,107,110,193,93,68,181,193,7,163,128,62,253,226,151,191,134,198,145,64,23,227,19,191,50,213,182,58,73,83,67,63,208,128,148,190,1,1,187
rand032,0,24.883316469477595,-0.7857427680705944,0.053959342278847501,-0.35488008281395828,0.50374281000084997,0.26074900543779084,0.47289758284066086,-0.093412597729547048,-0.83645198241864482,-11.493763665075873,-0.52113088775116445,-17.254105808297798,0.62782752268520259,-0.51359790125431459,0.61471448664315753,-0.12358280218831186,-0.99179516710590532,0.027109755643195295,0.018294771319148837,2,0,170,85,0,8,17,199,65,112,38,73,191,121,4,93,61,216,178,181,190,74,245,0,63,229,128,133,62,162,31,242,62,27,79,191,189,184,33,86,191,117,230,55,193,213,104,5,191,105,8,138,193,78,185,32,63,39,123,3,191,238,93,29,63,251,24,253,189,74,230,125,191,71,21,222,60,235,222,149,60,2,0,34
rand033,1,17.365274020689426,0.66355343811309264,0.46425286672554511,0.10346836177206439,0.57746030912748691,0.064168914149507997,-0.80062074502284752,0.59499927491371829,0.029404692620108207,5.3812091588889501,13.317699051028608,-4.470328607747831,1.248651696581683,1.9205416519682894,-0.67291734934211367,-0.44243898327077141,-0.74045256226410816,0.12006619982160638,0.49148942692517938,0,1,170,85,1,21,236,138,65,163,222,41,63,141,178,237,62,56,231,211,61,112,212,19,63,254,106,131,61,123,245,76,191,223,81,24,63,28,226,240,60,222,50,172,64,76,21,85,65,239,12,143,192,210,211,159,63,79,212,245,63,80,68,44,191,93,135,226,190,77,142,61,191,69,229,245,61,129,164,251,62,0,1,127
rand034,2,13.46036945936433,-0.90511904278692845,-0.36744066688807814,-0.061036787363657044,0.20499118344368553,0.57419343830235459,-0.092698979242376703,0.61188907745263021,-0.53600424583403306,6.5968487509315281,9.7761152524455444,-15.439610829720118,0.055608665869466556,-0.62125071639239304,-4.6273181825629823,-0.6924698438100646,-0.53352229820547947,-0.39215138238803332,0.28645552189190321,1,0,170,85,2,172,93,87,65,226,181,103,191,47,33,188,190,182,1,122,189,53,233,81,62,87,254,18,63,246,216,189,189,195,164,28,63,147,55,9,191,99,25,211,64,248,106,28,65,165,8,119,193,234,197,99,61,73,10,31,191,254,18,148,192,180,69,49,191,235,148,8,191,17,200,200,190,76,170,146,62,1,0,154
rand035,3,33.133367632238105,0.70726272837152959,0.31025677000213131,-0.50325332875040729,-0.38762901958694868,0.8236475391588427,-0.33181389419088414,-0.33894552319369203,0.310837904970449,-16.282643394889355,-21.261520120318544,-11.90605074470607,-0.26381416235976896,4.7119229684254771,1.0081060293302091,0.093545909717415526,0.46993075035195531,0.46297231641113268,0.74570160713632594,2,1,170,85,3,146,136,4,66,44,15,53,63,250,217,158,62,54,213,0,191,80,119,198,190,145,218,82,63,131,227,169,190,69,138,173,190,37,38,159,62,219,66,130,193,152,23,170,193,47,127,62,193,166,18,135,190,19,200,150,64,158,9,129,63,255,148,191,61,195,154,240,62,181,10,237,62,77,230,62,63,2,1,80
rand036,4,9.0008682178366826,0.47190083201385352,-0.27077342087958794,0.82956861617998734,0.12572696742950273,0.15079550885102216,-0.29981082797091019,0.91796725320672734,0.21144811179543488,-12.83297331791694,9.9332070250364612,1.2383361158893935,-4.5051849093440755,2.20913802478207,-0.029200384429212134,0.33739202014241432,0.8075504438789104,-0.32320034137686987,-0.35995894858868327,0,0,170,85,4,142,3,16,65,252,156,241,62,208,162,138,190,156,94,84,63,146,190,0,62,35,106,26,62,206,128,153,190,231,255,106,63,219,133,88,62,220,83,77,193,106,238,30,65,204,129,158,63,122,42,144,192,132,98,13,64,165,53,239,188,166,190,172,62,160,187,78,63,132,122,165,190,138,76,184,190,0,0,143
rand037,5,38.710172148556445,0.85861579707817537,-0.0082642776559055491,-0.076859994185329766,-0.50675749231409173,-0.52301464125677177,0.40481186829439902,-0.74103581811577934,0.11596961924799928,-3.9873339055189918,5.0787950419927341,18.591062366363591,-4.0144768987041246,4.222632143479724,-4.9600223107970294,-0.35355236426991643,-0.57253301677047841,-0.73488809552627721,0.084534948279445646,1,1,170,85,5,55,215,26,66,63,206,91,63,229,102,7,188,198,104,157,189,220,186,1,191,74,228,5,191,128,67,207,62,134,180,61,191,123,129,237,61,123,48,127,192,125,133,162,64,127,186,148,65,152,118,128,192,205,31,135,64,129,184,158,192,209,4,181,190,134,145,18,191,160,33,60,191,169,32,173,61,1,1,7
rand038,6,43.860166393767855,0.65467363063635564,0.39553692105414506,0.40250148147025577,0.50293691338642943,-0.79984065557845763,-0.19507704081985006,-0.4896759901489946,-0.28708413139774108,-16.998842452460384,-8.3193848032188313,2.6562477859673028,3.9794337884978526,3.4012549059860406,-3.9794897155443456,0.4490937701351374,0.05329804374447266,0.25357539301929705,0.85508691032779216,2,0,170,85,6,207,112,47,66,177,152,39,63,209,131,202,62,173,20,206,62,121,192,0,63,91,194,76,191,71,194,71,190,208,182,250,190,177,252,146,190,161,253,135,193,51,28,5,193,247,255,41,64,11,175,126,64,41,174,89,64,246,175,126,192,158,239,229,62,13,79,90,61,162,212,129,62,250,230,90,63,2,0,179
rand039,7,43.006004821520946,-0.77114892713439631,-0.15671021791215509,0.59491708741899485,0.16384412982555824,0.60036979328822226,0.46440223925479213,-0.5819416802006443,0.29194272097012985,8.8416937574777634,-10.42078463603624,5.0999083563939172,4.1932560408288255,4.2601772432381315,-2.7267069340271255,0.65557319019221638,0.38491184884727259,0.5599372183966177,-0.3294494989712885,0,1,170,85,7,38,6,44,66,4,106,69,191,165,120,32,190,124,76,24,63,193,198,39,62,214,177,25,63,33,198,237,62,33,250,20,191,132,121,149,62,148,119,13,65,137,187,38,193,115,50,163,64,39,47,134,64,95,83,136,64,94,130,46,192,165,211,39,63,42,19,197,62,12,88,15,63,155,173,168,190,0,1,74
rand040,8,45.989692856928876,-0.27142976437277999,-0.77918684955758444,0.43143406278046492,-0.36477169018689642,-0.82563522998377215,-0.30657888382944526,-0.45309670997335288,-0.13798270330319862,4.3158628997523039,4.9713406756853651,-9.6228162791890508,2.2061466211693848,-3.3997909548380143,-2.9679325405967916,0.27149283480840236,-0.3588912593899547,0.86457576724410312,-0.22360108961152289,1,0,170,85,8,114,245,55,66,216,248,138,190,202,120,71,191,237,228,220,62,91,195,186,190,213,92,83,191,232,247,156,190,75,252,231,190,86,75,13,190,141,27,138,64,57,21,159,64,14,247,25,193,130,49,13,64,45,150,89,192,155,242,61,192,28,1,139,62,152,192,183,190,214,84,93,63,175,247,100,190,1,0,61
rand041,9,25.685727589855638,0.36808836258297223,-0.48759934938285909,0.77895286195005786,0.1413869536846063,-0.64681339498950441,0.54394115640133056,-0.21949529579794472,-0.48742411261396118,14.341697116612668,1.8103361031139742,4.2584308584198922,-2.7760122618115615,-3.8914869955399398,-3.6443568780224389,-0.90572553430279579,-0.023432286421273513,0.36162868985631219,-0.21985648759541621,2,1,170,85,9,95,124,205,65,20,118,188,62,159,166,249,190,116,105,71,63,190,199,16,62,144,149,37,191,186,63,11,63,96,195,96,190,167,143,249,190,151,119,101,65,24,185,231,63,17,69,136,64,47,170,49,192,31,14,121,192,37,61,105,192,161,221,103,191,17,245,191,188,101,39,185,62,15,34,97,190,2,1,137
rand042,10,9.0964737800869493,-0.90846627148804182,-0.26842238171779687,0.31867193749189476,-0.03296444776911675,0.43858218543137756,0.81005500413235842,0.28137374231698592,-0.26885939454833274,-8.1711933426512449,4.746798044839462,-19.057240196580565,-4.1093617047909978,-1.1631599554361804,-3.3254760264933148,0.039781420688821581,0.26063208948612732,0.84392067413919658,0.46721113884251336,0,0,170,85,10,40,139,17,65,63,145,104,191,169,110,137,190,248,40,163,62,187,5,7,189,216,141,224,62,196,95,79,63,56,16,144,62,240,167,137,190,53,189,2,193,197,229,151,64,58,117,152,193,228,127,131,192,109,226,148,191,153,212,84,192,216,241,34,61,146,113,133,62,47,11,88,63,76,54,239,62,0,0,160
rand043,11,2.2161484146997479,-0.73019221455354166,-0.59751617973544979,-0.32881895713155201,-0.040888117964352662,0.61628277520256491,-0.61277154240903409,0.49443383642916527,0.015548607533012286,7.5071366380655649,-4.3195576736439643,-12.702093615077576,-4.9661929853253906,-0.99372931775982609,-2.9227838756055413,0.30804183926365969,-0.44518201983834549,-0.37289163822916194,0.75357482748197235,1,1,170,85,11,96,213,13,64,225,237,58,191,210,246,24,191,245,90,168,190,77,122,39,189,181,196,29,63,153,222,28,191,111,38,253,62,150,191,126,60,119,58,240,64,209,57,138,192,199,59,75,193,14,235,158,192,11,101,126,191,228,14,59,192,169,183,157,62,230,238,227,190,167,235,190,190,72,234,64,63,1,1,245
rand044,12,45.682464073928983,0.26337093477769624,0.54167829257580213,0.31234995904880336,0.73461410355961521,0.50332401138532001,-0.47098406579006397,0.30166271207090639,0.65866422210476583,21.725746298353744,24.407819527800999,-12.580255169328487,-1.5414063893352603,-2.7694630586109161,4.6544724089122909,0.57292501518168626,-0.56044739011983991,0.25471451520945881,0.54108794629758195,2,0,170,85,12,216,186,54,66,142,216,134,62,110,171,10,63,85,236,159,62,171,15,60,63,216,217,0,63,211,36,241,190,137,115,154,62,56,158,40,63,84,206,173,65,55,67,195,65,186,72,73,193,206,76,197,191,226,62,49,192,112,241,148,64,55,171,18,63,123,121,15,191,241,105,130,62,189,132,10,63,2,0,83
rand045,13,9.1726096988270669,-0.53698307332747408,0.52124837868663987,-0.24276589827279843,0.617263335467231,-0.69388294123227356,-0.40798064626081826,-0.47357724055380357,0.35749524944102262,11.370672027666151,16.949184862586176,1.4504916571564774,-2.9892148395939531,4.1586512414690464,-2.8658242450331461,-0.098269092747173825,-0.23911662267388986,0.95812906451959712,-0.12310614076674452,0,1,170,85,13,2,195,18,65,185,119,9,191,137,112,5,63,160,151,120,190,248,4,30,63,80,162,49,191,215,226,208,190,183,120,242,190,158,9,183,62,70,238,53,65,238,151,135,65,182,169,185,63,76,79,63,192,172,19,133,64,170,105,55,192,78,65,201,189,253,218,116,190,242,71,117,63,19,31,252,189,0,1,239
rand046,14,45.249205928639299,0.39081098717558743,-0.078321225877596379,-0.49824926717537671,0.76998715939882612,-0.26834163758691154,-0.83676647589946229,-0.40848212025093594,0.24689468966194719,-2.9970845789725589,-8.1312025898553415,16.38480486308158,-3.5882841686020193,-1.2221828208622909,2.7528133434207835,-0.6967911284461038,-0.3790818765416436,0.59601016626856163,-0.12470339169803264,1,0,170,85,14,48,255,52,66,97,24,200,62,225,102,160,189,135,26,255,190,225,29,69,63,19,100,137,190,84,54,86,191,146,36,209,190,246,209,124,62,60,208,63,192,104,25,2,193,21,20,131,65,115,166,101,192,125,112,156,191,24,46,48,64,231,96,50,191,5,23,194,190,31,148,24,63,126,100,255,189,1,0,167
rand047,15,42.282271267004241,0.76831563681261938,0.2417327637596933,-0.58847740944189475,0.070361152142897634,0.63132501142936281,-0.32986217725060324,-0.13728985992672313,0.68831037208842594,-6.176016453461564,2.3438377941064514,-1.4805753469322891,4.4252779812085006,-1.5628549380811807,-3.5242357956792949,-0.64664777045563571,0.71422373400322192,-0.24853964671176706,0.099795604931481111,2,1,170,85,15,12,33,41,66,85,176,68,63,203,136,119,62,117,166,22,191,130,25,144,61,132,158,33,63,178,227,168,190,183,149,12,190,28,53,48,63,237,161,197,192,112,1,22,64,126,131,189,191,225,155,141,64,161,11,200,191,20,141,97,192,181,138,37,191,94,215,54,63,45,129,126,190,163,97,204,61,2,1,249
rand048,0,46.677695078075544,0.13867342842871511,0.52549831034000261,0.83391581669305503,0.095945905315356933,-0.71990481087774272,-0.69341681565629532,-0.02983126418898914,-0.004503189653062881,1.4363040280715611,1.6465162904365782,22.583565717315647,4.2295217218000944,4.4800154092436486,-4.5013972262536797,0.076179044637563476,0.58822209422184701,0.61439255326494546,0.52030117385986552,0,0,170,85,0,246,181,58,66,104,0,14,62,15,135,6,63,130,123,85,63,73,127,196,61,175,75,56,191,196,131,49,191,178,96,244,188,126,143,147,187,207,216,183,63,12,193,210,63,37,171,180,65,62,88,135,64,73,92,143,64,114,11,144,192,194,3,156,61,185,149,22,63,213,72,29,63,117,50,5,63,0,0,225
rand049,1,17.518393379726898,0.20590581706519884,-0.60436895346993857,0.35032620229866618,-0.6852827989694168,-0.39763196956468416,-0.3409427990981021,-0.56696368667549957,0.63576646853588237,14.949054058269784,20.764657636668083,3.8867705790875395,4.504675420293224,1.6639622305929747,0.19572010254979122,-0.12630780604280745,0.037191625168869993,0.4334811928461243,0.89149154600514968,1,1,170,85,1,171,37,140,65,249,216,82,62,236,183,26,191,245,93,179,62,178,110,47,191,107,150,203,190,14,144,174,190,136,36,17,191,151,193,34,63,83,47,111,65,5,30,166,65,217,192,120,64,77,38,144,64,183,252,212,63,218,106,72,62,213,86,1,190,63,86,24,61,63,241,221,62,202,56,100,63,1,1,46
rand050,2,5.5591764954125322,0.026033121265864465,0.12410164914152717,0.98238003726679124,-0.13729719464434809,0.11200676650976435,-0.90751791461364395,0.34216946795065539,0.21630019443748869,15.449704547229642,-1.3576129904773082,-9.6020635988037952,-4.0759449359610977,2.2637110691593199,2.7612091390824203,-0.67491348873509471,0.49691791142690078,0.51123124557583699,-0.19028133269852859,2,0,170,85,2,198,228,177,64,106,67,213,60,1,41,254,61,66,125,123,63,163,151,12,190,206,99,229,61,24,83,104,191,214,48,175,62,204,125,93,62,253,49,119,65,67,198,173,191,13,162,25,193,36,110,130,192,164,224,16,64,167,183,48,64,33,199,44,191,6,108,254,62,13,224,2,63,28,217,66,190,2,0,25
rand051,3,8.6377451963406511,-0.0031240312826784685,-0.16925764275171135,0.50220703227969898,-0.84801544061856338,-0.78163546896879899,-0.61622605864533087,-0.094927667214111153,-0.01732559648768427,18.628837830655925,-14.280903868517708,5.2301927364993279,3.2439673278930812,1.7153231202415642,-4.759878852107021,0.34888391952682629,-0.85835042238638648,0.34267627783988508,0.15520158404640325,0,1,170,85,3,52,52,10,65,140,188,76,187,224,81,45,190,164,144,0,63,138,23,89,191,67,25,72,191,254,192,29,191,112,105,194,189,105,238,141,188,220,7,149,65,149,126,100,193,189,93,167,64,41,157,79,64,181,143,219,63,237,80,152,192,234,160,178,62,218,188,91,191,68,115,175,62,42,237,30,62,0,1,145
rand052,4,9.8802631211997678,0.19174112133141941,0.064048757338327864,0.22688269875292921,0.95271052270906165,-0.2136811715949051,-0.042998470898476603,0.53815945243860364,-0.81417190577740028,3.45592727319608,-21.004303241793981,2.1954586785586319,2.3158381442550557,-0.85851332889675724,3.9502126380039515,-0.23508124202283709,0.63342078909822552,-0.7338653456200851,-0.070402898271979153,1,0,170,85,4,143,21,30,65,201,87,68,62,255,43,131,61,240,83,104,62,214,228,115,63,61,207,90,190,42,31,48,189,209,196,9,63,146,109,80,191,234,45,93,64,208,8,168,193,101,130,12,64,177,54,20,64,136,199,91,191,73,208,124,64,35,185,112,190,221,39,34,63,153,222,59,191,101,47,144,189,1,0,230
rand053,5,21.089066211323885,0.15288282159885741,-0.62533592870135213,0.24867163707987539,-0.72370175904664213,-0.66676245126877753,-0.47851682723163258,-0.57063792124181767,-0.028667795085076254,15.747371197472681,23.081244791885318,15.141677552524241,2.6058556644430775,-3.6771729189576998,0.49719019887107363,0.47820740125323208,0.11349191154453751,0.68778447819344035,0.53421884930875863,2,1,170,85,5,104,182,168,65,80,141,28,62,4,22,32,191,199,163,126,62,133,68,57,191,242,176,42,191,40,0,245,190,84,21,18,191,185,216,234,188,60,245,123,65,100,166,184,65,80,68,114,65,87,198,38,64,205,86,107,192,183,143,254,62,154,215,244,62,115,110,232,61,165,18,48,63,145,194,8,63,2,1,238
rand054,6,32.921203189699241,-0.60501743434978694,0.718117864144725,-0.070965210429827577,-0.33648859748536769,0.076074627545357917,-0.50048179735961085,0.80676684914144425,-0.30472589762262475,9.7631090853113776,16.770685573786594,5.7871053140969959,1.0577871476010214,-1.4540851758275153,4.676647255491976,-0.91689061360136181,0.379752832856742,-0.071757530045138462,-0.099750917333217948,0,0,170,85,6,80,175,3,66,108,226,26,191,147,214,55,63,53,86,145,189,60,72,172,190,4,205,155,61,147,31,0,191,70,136,78,63,8,5,156,190,178,53,28,65,93,42,134,65,247,47,185,64,146,101,135,63,119,31,186,191,24,167,149,64,88,185,106,191,247,110,194,62,157,245,146,189,53,74,204,189,0,0,104
rand055,7,45.197991195756543,-0.19650445722529314,0.62182616877471186,-0.17480029886255077,0.7376740944584671,-0.056894993227781299,0.96833380274704928,0.22683457992219319,-0.087399539784665595,17.277770204528721,-22.754061495435806,-16.691893286869302,4.1190976879703811,-0.65042911011501281,-0.47607629548202079,0.17524789552142711,-0.067438323631954622,-0.96341757958031149,-0.19122451458073317,1,1,170,85,7,190,202,52,66,119,56,73,190,0,48,31,63,217,254,50,190,54,216,60,63,185,10,105,189,185,228,119,63,83,71,104,62,136,254,178,189,224,56,138,65,81,8,182,193,255,136,133,193,166,207,131,64,134,130,38,191,70,192,243,190,47,116,51,62,27,29,138,189,137,162,118,191,92,208,67,190,1,1,62
rand056,8,4.9034463160654127,0.14214074269620947,0.1895187901324128,-0.60312364597292389,-0.76165642196520844,0.2221105059879073,0.15363214146423812,0.89254083654203853,-0.36115778178483993,8.375977114602156,23.569819780243794,-3.6569656356729094,0.34067520219513647,-2.1682694147103465,1.5773899158051963,0.55528183338175308,0.22037055935710345,0.78072640945743088,-0.18320801199877823,2,0,170,85,8,8,233,156,64,88,141,17,62,55,17,66,62,80,102,26,191,234,251,66,191,240,112,99,62,190,81,29,62,142,125,100,63,172,233,184,190,1,4,6,65,254,142,188,65,186,11,106,192,251,108,174,62,237,196,10,192,234,231,201,63,243,38,14,63,210,168,97,62,176,221,71,63,226,154,59,190,2,0,99
rand057,9,9.3178141746168066,-0.28398124484851917,0.15071704376679657,-0.12287179263618364,0.93890444022107689,0.34840229158433572,0.52259440684632474,0.11003687600163124,0.77032643409889756,7.3940416119990973,5.442483862284214,-6.1623103154004042,1.21215426664253,4.1789194190818169,0.68903053836051331,-0.20543811705000989,-0.22543392676205376,0.57034593150519453,-0.76267964647226505,0,1,170,85,9,196,21,21,65,253,101,145,190,146,85,26,62,53,164,251,189,11,92,112,63,201,97,178,62,191,200,5,63,3,91,225,61,29,52,69,63,253,155,236,64,212,40,174,64,165,49,197,192,223,39,155,63,181,185,133,64,78,100,48,63,95,94,82,190,39,216,102,190,49,2,18,63,249,62,67,191,0,1,147
rand058,10,45.385581530923488,0.76663088060389484,-0.29096849469667252,-0.33459046707980145,-0.46439600271510689,-0.72989539080288335,0.51490772703976462,-0.065128936818229857,0.44483814214653,24.901721567647488,17.400866654659318,-13.21673732629548,4.7396994928926794,3.1713700592808323,0.76907449771029035,0.81125202497703119,0.46494573301386405,0.33950795623352764,0.1021271999860973,1,0,170,85,10,214,138,53,66,236,65,68,63,211,249,148,190,113,79,171,190,80,197,237,190,109,218,58,191,254,208,3,63,82,98,133,189,211,193,227,62,186,54,199,65,250,52,139,65,194,119,83,193,158,171,151,64,186,247,74,64,17,226,68,63,54,174,79,63,94,13,238,62,253,211,173,62,17,40,209,61,1,0,26
rand059,11,1.2109640814147116,0.70316819698457489,-0.44450152967342937,0.25209873626653928,-0.49438760506333235,0.93617695755513375,-0.15316628776075358,0.26621423693378676,-0.17100518264124295,17.010724363969025,3.5965635963819684,14.92733361473303,0.27269556373283321,3.3410003641837784,1.2458000073055553,0.43367363921379531,-0.21172444035285018,-0.65582870583419783,-0.58050723045641428,2,1,170,85,11,223,0,155,63,213,2,52,63,180,149,227,190,22,19,129,62,95,32,253,190,75,169,111,63,160,215,28,190,60,77,136,62,252,27,47,190,247,21,136,65,25,46,102,64,92,214,110,65,193,158,139,62,243,210,85,64,96,118,159,63,121,10,222,62,75,206,88,190,100,228,39,191,31,156,20,191,2,1,102
rand060,12,13.358861325480898,-0.19157947621818869,-0.86338208198710575,-0.33565118073938482,-0.32435623882366083,-0.44292933925288797,0.11553917337127757,0.34556811620177291,-0.81917457047349784,21.001357224975131,9.7830492788856471,2.7090782434452398,-4.8304188864932041,1.8640638966202983,-0.50014521117800026,0.22175116660186497,-0.49756689690556383,-0.45477991552546138,0.70457705870198062,0,0,170,85,12,229,189,85,65,105,45,68,190,156,6,93,191,121,218,171,190,5,18,166,190,162,199,226,190,205,159,236,61,78,238,176,62,109,181,81,191,200,2,168,65,95,135,28,65,138,97,45,64,203,146,154,192,165,153,238,63,132,9,0,191,189,18,99,62,23,193,254,190,234,216,232,190,42,95,52,63,0,0,251
